Workbook

Sheet H355_1_BU_1
D3: X | E3: LPF | F3: U_46__46 | G3: RF_46__46
D5: 0 | E5: 0 | F5: -0.0026967 | G5: -2.41159e-07
D6: 0.5 | E6: 0.329125 | F6: 0.0148817 | G6: 110.806
D7: 1 | E7: 0.650022 | F7: 0.0334475 | G7: 218.841
D8: 1.5 | E8: 0.962965 | F8: 0.0530917 | G8: 324.198
D9: 2 | E9: 1.26821 | F9: 0.0739175 | G9: 426.966
D10: 2.5 | E10: 1.56602 | F10: 0.0960427 | G10: 527.227
D11: 3 | E11: 1.85662 | F11: 0.119602 | G11: 625.063
D12: 3.5 | E12: 2.14024 | F12: 0.14475 | G12: 720.549
D13: 4 | E13: 2.4171 | F13: 0.171666 | G13: 813.756
D14: 4.5 | E14: 2.68739 | F14: 0.200561 | G14: 904.753
D15: 5 | E15: 2.95126 | F15: 0.232305 | G15: 993.59
D16: 5.5 | E16: 3.20734 | F16: 0.277171 | G16: 1079.81
... D45: 20 | E45: 3.2991 | F45: 33.9949 | G45: 1110.7
G46: =MAX(G5:G45) -> 1362.4

Sheet H355_1_BU_2
D3: X | E3: LPF | F3: U_47__47 | G3: RF_47__47
D5: 0 | E5: 0 | F5: -0.0031679 | G5: -4.56057e-07
D6: 0.5 | E6: 0.328819 | F6: 0.0484935 | G6: 132.624
D7: 1 | E7: 0.648748 | F7: 0.103625 | G7: 261.662
D8: 1.5 | E8: 0.960014 | F8: 0.162581 | G8: 387.206
D9: 2 | E9: 1.26284 | F9: 0.225764 | G9: 509.345
D10: 2.5 | E10: 1.55744 | F10: 0.29364 | G10: 628.167
D11: 3 | E11: 1.84402 | F11: 0.366744 | G11: 743.754
D12: 3.5 | E12: 2.12277 | F12: 0.445701 | G12: 856.185
D13: 4 | E13: 2.39388 | F13: 0.531236 | G13: 965.532
D14: 4.5 | E14: 2.65747 | F14: 0.624276 | G14: 1071.85
D15: 5 | E15: 2.91312 | F15: 0.728065 | G15: 1174.96
D16: 5.5 | E16: 3.15792 | F16: 0.856888 | G16: 1273.7
... D45: 20 | E45: 3.61738 | F45: 20.8704 | G45: 1459.01
G46: =MAX(G5:G45) -> 1616.01

Sheet H355_1_BU_3
D3: X | E3: LPF | F3: U_48__48 | G3: RF_48__48
D5: 0 | E5: 0 | F5: -0.0045876 | G5: -5.28572e-07
D6: 0.5 | E6: 0.322121 | F6: 0.62694 | G6: 125.627
D7: 1 | E7: 0.622653 | F7: 1.26934 | G7: 242.835
D8: 1.5 | E8: 0.903063 | F8: 1.92123 | G8: 352.195
D9: 2 | E9: 1.1648 | F9: 2.58136 | G9: 454.274
D10: 2.5 | E10: 1.40928 | F10: 3.24868 | G10: 549.62
D11: 3 | E11: 1.63783 | F11: 3.92225 | G11: 638.755
D12: 3.5 | E12: 1.85172 | F12: 4.60128 | G12: 722.169
D13: 4 | E13: 2.0521 | F13: 5.28507 | G13: 800.318
D14: 4.5 | E14: 2.24006 | F14: 5.97303 | G14: 873.623
D15: 5 | E15: 2.41645 | F15: 6.66472 | G15: 942.416
D16: 5.5 | E16: 2.57893 | F16: 7.36061 | G16: 1005.78
... D55: 25 | E55: 3.41854 | F55: 35.8982 | G55: 1333.23
G56: =MAX(G5:G55) -> 1351.67

Sheet H355_1_BU_4
D3: X | E3: LPF | F3: U_49__49 | G3: RF_49__49
D5: 0 | E5: 0 | F5: -0.0080088 | G5: -4.50032e-06
D6: 0.5 | E6: 0.325551 | F6: 0.338721 | G6: 148.668
D7: 1 | E7: 0.634742 | F7: 0.703962 | G7: 289.865
D8: 1.5 | E8: 0.927008 | F8: 1.08665 | G8: 423.334
D9: 2 | E9: 1.2021 | F9: 1.48547 | G9: 548.96
D10: 2.5 | E10: 1.46009 | F10: 1.89899 | G10: 666.776
D11: 3 | E11: 1.70132 | F11: 2.32568 | G11: 776.938
D12: 3.5 | E12: 1.92638 | F12: 2.76404 | G12: 879.711
D13: 4 | E13: 2.136 | F13: 3.21263 | G13: 975.441
D14: 4.5 | E14: 2.33062 | F14: 3.67022 | G14: 1064.32
D15: 5 | E15: 2.50744 | F15: 4.13681 | G15: 1145.06
D16: 5.5 | E16: 2.65801 | F16: 4.61392 | G16: 1213.82
... D55: 25 | E55: 3.58875 | F55: 24.7617 | G55: 1638.85
G56: =MAX(G5:G55) -> 1642.45

Sheet H355_1_BU_5
D3: X | E3: LPF | F3: U_50__50 | G3: RF_50__50
D5: 0 | E5: 0 | F5: -0.0032922 | G5: -3.93969e-07
D6: 0.5 | E6: 0.328636 | F6: 0.494842 | G6: 94.2088
D7: 1 | E7: 0.647951 | F7: 1.01155 | G7: 185.746
D8: 1.5 | E8: 0.958087 | F8: 1.54759 | G8: 274.652
D9: 2 | E9: 1.25916 | F9: 2.10371 | G9: 360.96
D10: 2.5 | E10: 1.55129 | F10: 2.68066 | G10: 444.703
D11: 3 | E11: 1.83455 | F11: 3.2792 | G11: 525.903
D12: 3.5 | E12: 2.109 | F12: 3.90007 | G12: 604.581
D13: 4 | E13: 2.37469 | F13: 4.54411 | G13: 680.743
D14: 4.5 | E14: 2.62818 | F14: 5.22521 | G14: 753.412
D15: 5 | E15: 2.85655 | F15: 5.98798 | G15: 818.878
D16: 5.5 | E16: 3.05116 | F16: 6.85063 | G16: 874.667
... D55: 25 | E55: 2.93692 | F55: 50.1712 | G55: 841.917
G56: =MAX(G5:G55) -> 1088.55

Sheet H355_1_BU_6
D3: X | E3: LPF | F3: U_51__51 | G3: RF_51__51
D5: 0 | E5: 0 | F5: -0.00319115 | G5: -1.67484e-07
D6: 0.5 | E6: 0.328535 | F6: 0.24889 | G6: 113.892
D7: 1 | E7: 0.647456 | F7: 0.513661 | G7: 224.451
D8: 1.5 | E8: 0.956798 | F8: 0.791701 | G8: 331.69
D9: 2 | E9: 1.25659 | F9: 1.08359 | G9: 435.619
D10: 2.5 | E10: 1.54686 | F10: 1.38989 | G10: 536.244
D11: 3 | E11: 1.82761 | F11: 1.71116 | G11: 633.572
D12: 3.5 | E12: 2.09886 | F12: 2.04785 | G12: 727.605
D13: 4 | E13: 2.36047 | F13: 2.40055 | G13: 818.296
D14: 4.5 | E14: 2.60849 | F14: 2.77603 | G14: 904.275
D15: 5 | E15: 2.83361 | F15: 3.18967 | G15: 982.318
D16: 5.5 | E16: 3.02897 | F16: 3.65127 | G16: 1050.04
... D55: 17.5625 | E55: 3.95506 | F55: 18.6093 | G55: 1371.09
G56: =MAX(G5:G55) -> 1376.96

Sheet H355_2_BU_1
D3: X | E3: LPF | F3: U_52__52 | G3: RF_52__52
D5: 0 | E5: 0 | F5: 0.01019 | G5: -5.50325e-06
D6: 0.5 | E6: 0.327846 | F6: 0.0648897 | G6: 88.5184
D7: 1 | E7: 0.645048 | F7: 0.123563 | G7: 174.163
D8: 1.5 | E8: 0.952081 | F8: 0.186711 | G8: 257.062
D9: 2 | E9: 1.24939 | F9: 0.254923 | G9: 337.336
D10: 2.5 | E10: 1.5374 | F10: 0.328896 | G10: 415.099
D11: 3 | E11: 1.81651 | F11: 0.409461 | G11: 490.458
D12: 3.5 | E12: 2.08708 | F12: 0.49762 | G12: 563.511
D13: 4 | E13: 2.34945 | F13: 0.594585 | G13: 634.352
D14: 4.5 | E14: 2.60395 | F14: 0.701847 | G14: 703.067
D15: 5 | E15: 2.85087 | F15: 0.82125 | G15: 769.735
D16: 5.5 | E16: 3.09048 | F16: 0.955109 | G16: 834.43
... D55: 25 | E55: 3.09813 | F55: 65.2412 | G55: 836.495
G56: =MAX(G5:G55) -> 1135.27

Sheet H355_2_BU_2
D3: X | E3: LPF | F3: U_53__53 | G3: RF_53__53
D5: 0 | E5: 0 | F5: 0.00865089 | G5: -4.31909e-06
D6: 0.5 | E6: 0.32718 | F6: -0.0708417 | G6: 106.879
D7: 1 | E7: 0.642383 | F7: -0.15763 | G7: 209.845
D8: 1.5 | E8: 0.946113 | F8: -0.252709 | G8: 309.063
D9: 2 | E9: 1.23884 | F9: -0.357261 | G9: 404.689
D10: 2.5 | E10: 1.52102 | F10: -0.472702 | G10: 496.866
D11: 3 | E11: 1.79305 | F11: -0.60074 | G11: 585.73
D12: 3.5 | E12: 2.05531 | F12: -0.743449 | G12: 671.402
D13: 4 | E13: 2.30813 | F13: -0.903364 | G13: 753.988
D14: 4.5 | E14: 2.55177 | F14: -1.08361 | G14: 833.579
D15: 5 | E15: 2.78645 | F15: -1.28804 | G15: 910.24
D16: 5.5 | E16: 3.01227 | F16: -1.52152 | G16: 984.009
... D55: 24.625 | E55: 3.90653 | F55: -40.4682 | G55: 1276.13
G56: =MAX(G5:G55) -> 1404.2

Sheet H355_2_BU_3
D3: X | E3: LPF | F3: U_54__54 | G3: RF_54__54
D5: 0 | E5: 0 | F5: 0.0092629 | G5: -6.24423e-06
D6: 0.5 | E6: 0.318491 | F6: 0.749264 | G6: 96.6087
D7: 1 | E7: 0.609084 | F7: 1.50132 | G7: 184.755
D8: 1.5 | E8: 0.874601 | F8: 2.26337 | G8: 265.296
D9: 2 | E9: 1.11765 | F9: 3.03369 | G9: 339.022
D10: 2.5 | E10: 1.34062 | F10: 3.81092 | G10: 406.653
D11: 3 | E11: 1.54561 | F11: 4.5939 | G11: 468.836
D12: 3.5 | E12: 1.73454 | F12: 5.38174 | G12: 526.144
D13: 4 | E13: 1.90907 | F13: 6.17366 | G13: 579.085
D14: 4.5 | E14: 2.07069 | F14: 6.96906 | G14: 628.108
D15: 5 | E15: 2.22069 | F15: 7.76743 | G15: 673.609
D16: 5.5 | E16: 2.36022 | F16: 8.56836 | G16: 715.934
... D55: 25 | E55: 3.60441 | F55: 40.8466 | G55: 1093.34
G56: =MAX(G5:G55) -> 1103.48

Sheet H355_2_BU_4
D3: X | E3: LPF | F3: U_55__55 | G3: RF_55__55
D5: 0 | E5: 0 | F5: 0.010926 | G5: -6.64943e-06
D6: 0.5 | E6: 0.32046 | F6: 0.48793 | G6: 114.297
D7: 1 | E7: 0.615015 | F7: 0.986549 | G7: 219.355
D8: 1.5 | E8: 0.884572 | F8: 1.50375 | G8: 315.497
D9: 2 | E9: 1.13054 | F9: 2.03663 | G9: 403.226
D10: 2.5 | E10: 1.35465 | F10: 2.58256 | G10: 483.16
D11: 3 | E11: 1.55878 | F11: 3.13924 | G11: 555.965
D12: 3.5 | E12: 1.74481 | F12: 3.70475 | G12: 622.317
D13: 4 | E13: 1.91457 | F13: 4.27749 | G13: 682.865
D14: 4.5 | E14: 2.06976 | F14: 4.85615 | G14: 738.213
D15: 5 | E15: 2.21191 | F15: 5.43968 | G15: 788.913
D16: 5.5 | E16: 2.34241 | F16: 6.02721 | G16: 835.461
... D55: 25 | E55: 3.43943 | F55: 29.928 | G55: 1226.73
G56: =MAX(G5:G55) -> 1237.2

Sheet H355_2_BU_5
D3: X | E3: LPF | F3: U_56__56 | G3: RF_56__56
D5: 0 | E5: 0 | F5: 0.00649924 | G5: -2.59504e-06
D6: 0.5 | E6: 0.327566 | F6: 0.602946 | G6: 74.2483
D7: 1 | E7: 0.643739 | F7: 1.2288 | G7: 145.914
D8: 1.5 | E8: 0.94876 | F8: 1.88572 | G8: 215.052
D9: 2 | E9: 1.24283 | F9: 2.57538 | G9: 281.709
D10: 2.5 | E10: 1.52612 | F10: 3.29948 | G10: 345.921
D11: 3 | E11: 1.79877 | F11: 4.05969 | G11: 407.72
D12: 3.5 | E12: 2.06086 | F12: 4.85762 | G12: 467.129
D13: 4 | E13: 2.31249 | F13: 5.69478 | G13: 524.164
D14: 4.5 | E14: 2.5537 | F14: 6.57249 | G14: 578.838
D15: 5 | E15: 2.78291 | F15: 7.5009 | G15: 630.794
D16: 5.5 | E16: 2.98733 | F16: 8.54348 | G16: 677.127
... D55: 25 | E55: 3.18219 | F55: 69.3648 | G55: 721.296
G56: =MAX(G5:G55) -> 858.984

Sheet H355_2_BU_6
D2: X | E2: LPF | F2: U_57__57 | G2: RF_57__57
D4: 0 | E4: 0 | F4: 0.0104 | G4: -6.73859e-06
D5: 0.5 | E5: 0.327037 | F5: 0.333666 | G5: 90.4803
D6: 1 | E6: 0.641606 | F6: 0.678309 | G6: 177.511
D7: 1.5 | E7: 0.943942 | F7: 1.04598 | G7: 261.157
D8: 2 | E8: 1.23424 | F8: 1.43834 | G8: 341.473
D9: 2.5 | E9: 1.51265 | F9: 1.85707 | G9: 418.499
D10: 3 | E10: 1.77927 | F10: 2.30389 | G10: 492.266
D11: 3.5 | E11: 2.03419 | F11: 2.78046 | G11: 562.792
D12: 4 | E12: 2.27741 | F12: 3.28831 | G12: 630.084
D13: 4.5 | E13: 2.50896 | F13: 3.82881 | G13: 694.146
D14: 5 | E14: 2.72883 | F14: 4.40296 | G14: 754.976
D15: 5.5 | E15: 2.93659 | F15: 5.01258 | G15: 812.455
... D54: 25 | E54: 4.06013 | F54: 42.3847 | G54: 1123.3
G55: =MAX(G4:G54) -> 1158.71

Sheet All
B1: 46
B2: 47
B3: 48
B4: 49
B5: 50
B6: 51
B7: 52
B8: 53
B9: 54
B10: 55
B11: 56
B12: 57
D23: Pu_test | E23: Pu_EF
B24: 46 | C24: H355_1_BU_1 | D24: 1369 | E24: =H355_1_BU_1!G46 -> 1362.4
B25: 47 | C25: H355_1_BU_2 | D25: 1636 | E25: =H355_1_BU_2!G46 -> 1616.01
B26: 48 | C26: H355_1_BU_3 | D26: 1430 | E26: =H355_1_BU_3!G56 -> 1351.67
B27: 49 | C27: H355_1_BU_4 | D27: 1650 | E27: =H355_1_BU_4!G56 -> 1642.45
B28: 50 | C28: H355_1_BU_5 | D28: 1073 | E28: =H355_1_BU_5!G56 -> 1088.55
B29: 51 | C29: H355_1_BU_6 | D29: 1393 | E29: =H355_1_BU_6!G56 -> 1376.96
C30: mean
C31: cov
B32: 52 | C32: H355_2_BU_1 | D32: 1180 | E32: =H355_2_BU_1!G56 -> 1135.27
B33: 53 | C33: H355_2_BU_2 | D33: 1443 | E33: =H355_2_BU_2!G56 -> 1404.2
B34: 54 | C34: H355_2_BU_3 | D34: 1078 | E34: =H355_2_BU_3!G56 -> 1103.48
B35: 55 | C35: H355_2_BU_4 | D35: 1281 | E35: =H355_2_BU_4!G56 -> 1237.2
B36: 56 | C36: H355_2_BU_5 | D36: 896 | E36: =H355_2_BU_5!G56 -> 858.984
B37: 57 | C37: H355_2_BU_6 | D37: 1161 | E37: =H355_2_BU_6!G55 -> 1158.71
C38: mean
C39: cov

Sheet H355
A1: -0.001 | AC1: -0.001
A2: X | B2: LPF | C2: U_46__46 | D2: RF_46__46 | F2: X | G2: LPF | H2: U_47__47 | I2: RF_47__47 | K2: X | L2: LPF | M2: U_48__48 | N2: RF_48__48 | S2: X | T2: LPF | U2: U_49__49 | V2: RF_49__49 | X2: X | Y2: LPF | Z2: U_50__50 | AA2: RF_50__50 | AC2: X | AD2: LPF | AE2: U_51__51 | AF2: RF_51__51 | AH2: X | AI2: LPF | AJ2: U_52__52 | AK2: RF_52__52 | AM2: X | AN2: LPF | AO2: U_53__53 | AP2: RF_53__53 | AR2: X | AS2: LPF | AT2: U_54__54 | AU2: RF_54__54 | AW2: X | AX2: LPF | AY2: U_55__55 | AZ2: RF_55__55 | BB2: X | BC2: LPF | BD2: U_56__56 | BE2: RF_56__56 | BG2: X | BH2: LPF | BI2: U_57__57 | BJ2: RF_57__57
A4: 0 | B4: 0 | C4: -0.0026967 | D4: -2.41159e-07 | F4: 0 | G4: 0 | H4: -0.0031679 | I4: -4.56057e-07 | K4: 0 | L4: 0 | M4: -0.0045876 | N4: -5.28572e-07 | S4: 0 | T4: 0 | U4: -0.0080088 | V4: -4.50032e-06 | X4: 0 | Y4: 0 | Z4: -0.0032922 | AA4: -3.93969e-07 | AC4: 0 | AD4: 0 | AE4: -0.00319115 | AF4: -1.67484e-07 | AH4: 0 | AI4: 0 | AJ4: 0.01019 | AK4: -5.50325e-06 | AM4: 0 | AN4: 0 | AO4: 0.00865089 | AP4: -4.31909e-06 | AR4: 0 | AS4: 0 | AT4: 0.0092629 | AU4: -6.24423e-06 | AW4: 0 | AX4: 0 | AY4: 0.010926 | AZ4: -6.64943e-06 | BB4: 0 | BC4: 0 | BD4: 0.00649924 | BE4: -2.59504e-06 | BG4: 0 | BH4: 0 | BI4: 0.0104 | BJ4: -6.73859e-06
A5: 0.5 | B5: 0.329125 | C5: 0.0148817 | D5: 110.806 | F5: 0.5 | G5: 0.328819 | H5: 0.0484935 | I5: 132.624 | K5: 0.5 | L5: 0.322121 | M5: 0.62694 | N5: 125.627 | S5: 0.5 | T5: 0.325551 | U5: 0.338721 | V5: 148.668 | X5: 0.5 | Y5: 0.328636 | Z5: 0.494842 | AA5: 94.2088 | AC5: 0.5 | AD5: 0.328535 | AE5: 0.24889 | AF5: 113.892 | AH5: 0.5 | AI5: 0.327846 | AJ5: 0.0648897 | AK5: 88.5184 | AM5: 0.5 | AN5: 0.32718 | AO5: -0.0708417 | AP5: 106.879 | AR5: 0.5 | AS5: 0.318491 | AT5: 0.749264 | AU5: 96.6087 | AW5: 0.5 | AX5: 0.32046 | AY5: 0.48793 | AZ5: 114.297 | BB5: 0.5 | BC5: 0.327566 | BD5: 0.602946 | BE5: 74.2483 | BG5: 0.5 | BH5: 0.327037 | BI5: 0.333666 | BJ5: 90.4803
A6: 1 | B6: 0.650022 | C6: 0.0334475 | D6: 218.841 | F6: 1 | G6: 0.648748 | H6: 0.103625 | I6: 261.662 | K6: 1 | L6: 0.622653 | M6: 1.26934 | N6: 242.835 | S6: 1 | T6: 0.634742 | U6: 0.703962 | V6: 289.865 | X6: 1 | Y6: 0.647951 | Z6: 1.01155 | AA6: 185.746 | AC6: 1 | AD6: 0.647456 | AE6: 0.513661 | AF6: 224.451 | AH6: 1 | AI6: 0.645048 | AJ6: 0.123563 | AK6: 174.163 | AM6: 1 | AN6: 0.642383 | AO6: -0.15763 | AP6: 209.845 | AR6: 1 | AS6: 0.609084 | AT6: 1.50132 | AU6: 184.755 | AW6: 1 | AX6: 0.615015 | AY6: 0.986549 | AZ6: 219.355 | BB6: 1 | BC6: 0.643739 | BD6: 1.2288 | BE6: 145.914 | BG6: 1 | BH6: 0.641606 | BI6: 0.678309 | BJ6: 177.511
A7: 1.5 | B7: 0.962965 | C7: 0.0530917 | D7: 324.198 | F7: 1.5 | G7: 0.960014 | H7: 0.162581 | I7: 387.206 | K7: 1.5 | L7: 0.903063 | M7: 1.92123 | N7: 352.195 | S7: 1.5 | T7: 0.927008 | U7: 1.08665 | V7: 423.334 | X7: 1.5 | Y7: 0.958087 | Z7: 1.54759 | AA7: 274.652 | AC7: 1.5 | AD7: 0.956798 | AE7: 0.791701 | AF7: 331.69 | AH7: 1.5 | AI7: 0.952081 | AJ7: 0.186711 | AK7: 257.062 | AM7: 1.5 | AN7: 0.946113 | AO7: -0.252709 | AP7: 309.063 | AR7: 1.5 | AS7: 0.874601 | AT7: 2.26337 | AU7: 265.296 | AW7: 1.5 | AX7: 0.884572 | AY7: 1.50375 | AZ7: 315.497 | BB7: 1.5 | BC7: 0.94876 | BD7: 1.88572 | BE7: 215.052 | BG7: 1.5 | BH7: 0.943942 | BI7: 1.04598 | BJ7: 261.157
A8: 2 | B8: 1.26821 | C8: 0.0739175 | D8: 426.966 | F8: 2 | G8: 1.26284 | H8: 0.225764 | I8: 509.345 | K8: 2 | L8: 1.1648 | M8: 2.58136 | N8: 454.274 | S8: 2 | T8: 1.2021 | U8: 1.48547 | V8: 548.96 | X8: 2 | Y8: 1.25916 | Z8: 2.10371 | AA8: 360.96 | AC8: 2 | AD8: 1.25659 | AE8: 1.08359 | AF8: 435.619 | AH8: 2 | AI8: 1.24939 | AJ8: 0.254923 | AK8: 337.336 | AM8: 2 | AN8: 1.23884 | AO8: -0.357261 | AP8: 404.689 | AR8: 2 | AS8: 1.11765 | AT8: 3.03369 | AU8: 339.022 | AW8: 2 | AX8: 1.13054 | AY8: 2.03663 | AZ8: 403.226 | BB8: 2 | BC8: 1.24283 | BD8: 2.57538 | BE8: 281.709 | BG8: 2 | BH8: 1.23424 | BI8: 1.43834 | BJ8: 341.473
A9: 2.5 | B9: 1.56602 | C9: 0.0960427 | D9: 527.227 | F9: 2.5 | G9: 1.55744 | H9: 0.29364 | I9: 628.167 | K9: 2.5 | L9: 1.40928 | M9: 3.24868 | N9: 549.62 | S9: 2.5 | T9: 1.46009 | U9: 1.89899 | V9: 666.776 | X9: 2.5 | Y9: 1.55129 | Z9: 2.68066 | AA9: 444.703 | AC9: 2.5 | AD9: 1.54686 | AE9: 1.38989 | AF9: 536.244 | AH9: 2.5 | AI9: 1.5374 | AJ9: 0.328896 | AK9: 415.099 | AM9: 2.5 | AN9: 1.52102 | AO9: -0.472702 | AP9: 496.866 | AR9: 2.5 | AS9: 1.34062 | AT9: 3.81092 | AU9: 406.653 | AW9: 2.5 | AX9: 1.35465 | AY9: 2.58256 | AZ9: 483.16 | BB9: 2.5 | BC9: 1.52612 | BD9: 3.29948 | BE9: 345.921 | BG9: 2.5 | BH9: 1.51265 | BI9: 1.85707 | BJ9: 418.499
A10: 3 | B10: 1.85662 | C10: 0.119602 | D10: 625.063 | F10: 3 | G10: 1.84402 | H10: 0.366744 | I10: 743.754 | K10: 3 | L10: 1.63783 | M10: 3.92225 | N10: 638.755 | S10: 3 | T10: 1.70132 | U10: 2.32568 | V10: 776.938 | X10: 3 | Y10: 1.83455 | Z10: 3.2792 | AA10: 525.903 | AC10: 3 | AD10: 1.82761 | AE10: 1.71116 | AF10: 633.572 | AH10: 3 | AI10: 1.81651 | AJ10: 0.409461 | AK10: 490.458 | AM10: 3 | AN10: 1.79305 | AO10: -0.60074 | AP10: 585.73 | AR10: 3 | AS10: 1.54561 | AT10: 4.5939 | AU10: 468.836 | AW10: 3 | AX10: 1.55878 | AY10: 3.13924 | AZ10: 555.965 | BB10: 3 | BC10: 1.79877 | BD10: 4.05969 | BE10: 407.72 | BG10: 3 | BH10: 1.77927 | BI10: 2.30389 | BJ10: 492.266
A11: 3.5 | B11: 2.14024 | C11: 0.14475 | D11: 720.549 | F11: 3.5 | G11: 2.12277 | H11: 0.445701 | I11: 856.185 | K11: 3.5 | L11: 1.85172 | M11: 4.60128 | N11: 722.169 | S11: 3.5 | T11: 1.92638 | U11: 2.76404 | V11: 879.711 | X11: 3.5 | Y11: 2.109 | Z11: 3.90007 | AA11: 604.581 | AC11: 3.5 | AD11: 2.09886 | AE11: 2.04785 | AF11: 727.605 | AH11: 3.5 | AI11: 2.08708 | AJ11: 0.49762 | AK11: 563.511 | AM11: 3.5 | AN11: 2.05531 | AO11: -0.743449 | AP11: 671.402 | AR11: 3.5 | AS11: 1.73454 | AT11: 5.38174 | AU11: 526.144 | AW11: 3.5 | AX11: 1.74481 | AY11: 3.70475 | AZ11: 622.317 | BB11: 3.5 | BC11: 2.06086 | BD11: 4.85762 | BE11: 467.129 | BG11: 3.5 | BH11: 2.03419 | BI11: 2.78046 | BJ11: 562.792
A12: 4 | B12: 2.4171 | C12: 0.171666 | D12: 813.756 | F12: 4 | G12: 2.39388 | H12: 0.531236 | I12: 965.532 | K12: 4 | L12: 2.0521 | M12: 5.28507 | N12: 800.318 | S12: 4 | T12: 2.136 | U12: 3.21263 | V12: 975.441 | X12: 4 | Y12: 2.37469 | Z12: 4.54411 | AA12: 680.743 | AC12: 4 | AD12: 2.36047 | AE12: 2.40055 | AF12: 818.296 | AH12: 4 | AI12: 2.34945 | AJ12: 0.594585 | AK12: 634.352 | AM12: 4 | AN12: 2.30813 | AO12: -0.903364 | AP12: 753.988 | AR12: 4 | AS12: 1.90907 | AT12: 6.17366 | AU12: 579.085 | AW12: 4 | AX12: 1.91457 | AY12: 4.27749 | AZ12: 682.865 | BB12: 4 | BC12: 2.31249 | BD12: 5.69478 | BE12: 524.164 | BG12: 4 | BH12: 2.27741 | BI12: 3.28831 | BJ12: 630.084
A13: 4.5 | B13: 2.68739 | C13: 0.200561 | D13: 904.753 | F13: 4.5 | G13: 2.65747 | H13: 0.624276 | I13: 1071.85 | K13: 4.5 | L13: 2.24006 | M13: 5.97303 | N13: 873.623 | S13: 4.5 | T13: 2.33062 | U13: 3.67022 | V13: 1064.32 | X13: 4.5 | Y13: 2.62818 | Z13: 5.22521 | AA13: 753.412 | AC13: 4.5 | AD13: 2.60849 | AE13: 2.77603 | AF13: 904.275 | AH13: 4.5 | AI13: 2.60395 | AJ13: 0.701847 | AK13: 703.067 | AM13: 4.5 | AN13: 2.55177 | AO13: -1.08361 | AP13: 833.579 | AR13: 4.5 | AS13: 2.07069 | AT13: 6.96906 | AU13: 628.108 | AW13: 4.5 | AX13: 2.06976 | AY13: 4.85615 | AZ13: 738.213 | BB13: 4.5 | BC13: 2.5537 | BD13: 6.57249 | BE13: 578.838 | BG13: 4.5 | BH13: 2.50896 | BI13: 3.82881 | BJ13: 694.146
A14: 5 | B14: 2.95126 | C14: 0.232305 | D14: 993.59 | F14: 5 | G14: 2.91312 | H14: 0.728065 | I14: 1174.96 | K14: 5 | L14: 2.41645 | M14: 6.66472 | N14: 942.416 | S14: 5 | T14: 2.50744 | U14: 4.13681 | V14: 1145.06 | X14: 5 | Y14: 2.85655 | Z14: 5.98798 | AA14: 818.878 | AC14: 5 | AD14: 2.83361 | AE14: 3.18967 | AF14: 982.318 | AH14: 5 | AI14: 2.85087 | AJ14: 0.82125 | AK14: 769.735 | AM14: 5 | AN14: 2.78645 | AO14: -1.28804 | AP14: 910.24 | AR14: 5 | AS14: 2.22069 | AT14: 7.76743 | AU14: 673.609 | AW14: 5 | AX14: 2.21191 | AY14: 5.43968 | AZ14: 788.913 | BB14: 5 | BC14: 2.78291 | BD14: 7.5009 | BE14: 630.794 | BG14: 5 | BH14: 2.72883 | BI14: 4.40296 | BJ14: 754.976
A15: 5.5 | B15: 3.20734 | C15: 0.277171 | D15: 1079.81 | F15: 5.5 | G15: 3.15792 | H15: 0.856888 | I15: 1273.7 | K15: 5.5 | L15: 2.57893 | M15: 7.36061 | N15: 1005.78 | S15: 5.5 | T15: 2.65801 | U15: 4.61392 | V15: 1213.82 | X15: 5.5 | Y15: 3.05116 | Z15: 6.85063 | AA15: 874.667 | AC15: 5.5 | AD15: 3.02897 | AE15: 3.65127 | AF15: 1050.04 | AH15: 5.5 | AI15: 3.09048 | AJ15: 0.955109 | AK15: 834.43 | AM15: 5.5 | AN15: 3.01227 | AO15: -1.52152 | AP15: 984.009 | AR15: 5.5 | AS15: 2.36022 | AT15: 8.56836 | AU15: 715.934 | AW15: 5.5 | AX15: 2.34241 | AY15: 6.02721 | AZ15: 835.461 | BB15: 5.5 | BC15: 2.98733 | BD15: 8.54348 | BE15: 677.127 | BG15: 5.5 | BH15: 2.93659 | BI15: 5.01258 | BJ15: 812.455
... A44: 20 | B44: 3.2991 | C44: 33.9949 | D44: 1110.7 | F44: 20 | G44: 3.61738 | H44: 20.8704 | I44: 1459.01 | K44: 20 | L44: 3.45956 | M44: 28.4896 | N44: 1349.23 | S44: 20 | T44: 3.59309 | U44: 19.5202 | V44: 1640.84 | X44: 20 | Y44: 3.21967 | Z44: 39.4041 | AA44: 922.971 | AC44: 15.6875 | AD44: 3.97152 | AE44: 16.2233 | AF44: 1376.79 | AH44: 20 | AI44: 3.60005 | AJ44: 46.3715 | AK44: 972.014 | AM44: 19.625 | AN44: 4.07421 | AO44: -29.2924 | AP44: 1330.91 | AR44: 20 | AS44: 3.63784 | AT44: 32.4643 | AU44: 1103.48 | AW44: 20 | AX44: 3.46878 | AY44: 23.7199 | AZ44: 1237.2 | BB44: 20 | BC44: 3.69919 | BD44: 51.7517 | BE44: 838.483 | BG44: 20 | BH44: 4.15267 | BI44: 32.3528 | BJ44: 1148.91
D45: =MAX(D4:D44) -> 1362.4 | I45: =MAX(I4:I44) -> 1616.01 | K45: 20.5 | L45: 3.4569 | M45: 29.2289 | N45: 1348.19 | S45: 20.5 | T45: 3.59475 | U45: 20.0431 | V45: 1641.6 | X45: 20.5 | Y45: 3.18413 | Z45: 40.4296 | AA45: 912.784 | AC45: 15.875 | AD45: 3.97085 | AE45: 16.4619 | AF45: 1376.56 | AH45: 20.5 | AI45: 3.54854 | AJ45: 48.2702 | AK45: 958.106 | AM45: 20.125 | AN45: 4.05737 | AO45: -30.4187 | AP45: 1325.41 | AR45: 20.5 | AS45: 3.63711 | AT45: 33.301 | AU45: 1103.24 | AW45: 20.5 | AX45: 3.46808 | AY45: 24.3395 | AZ45: 1236.95 | BB45: 20.5 | BC45: 3.66636 | BD45: 53.3651 | BE45: 831.041 | BG45: 20.5 | BH45: 4.14544 | BI45: 33.3538 | BJ45: 1146.91
K46: 21 | L46: 3.45389 | M46: 29.9683 | N46: 1347.01 | S46: 21 | T46: 3.59595 | U46: 20.5662 | V46: 1642.15 | X46: 21 | Y46: 3.15163 | Z46: 41.453 | AA46: 903.468 | AC46: 16.0625 | AD46: 3.96992 | AE46: 16.7004 | AF46: 1376.24 | AH46: 21 | AI46: 3.49406 | AJ46: 50.1876 | AK46: 943.396 | AM46: 20.625 | AN46: 4.04048 | AO46: -31.5433 | AP46: 1319.89 | AR46: 21 | AS46: 3.63563 | AT46: 34.1382 | AU46: 1102.8 | AW46: 21 | AX46: 3.46675 | AY46: 24.9595 | AZ46: 1236.47 | BB46: 21 | BC46: 3.62235 | BD46: 55.0146 | BE46: 821.066 | BG46: 21 | BH46: 4.13762 | BI46: 34.3558 | BJ46: 1144.74
K47: 21.5 | L47: 3.45056 | M47: 30.7078 | N47: 1345.72 | S47: 21.5 | T47: 3.5966 | U47: 21.0896 | V47: 1642.45 | X47: 21.5 | Y47: 3.1217 | Z47: 42.4797 | AA47: 894.888 | AC47: 16.25 | AD47: 3.96876 | AE47: 16.9391 | AF47: 1375.84 | AH47: 21.5 | AI47: 3.44015 | AJ47: 52.1071 | AK47: 928.84 | AM47: 21.125 | AN47: 4.02364 | AO47: -32.6661 | AP47: 1314.39 | AR47: 21.5 | AS47: 3.63356 | AT47: 34.9753 | AU47: 1102.18 | AW47: 21.5 | AX47: 3.46491 | AY47: 25.5795 | AZ47: 1235.82 | BB47: 21.5 | BC47: 3.56655 | BD47: 56.7153 | BE47: 808.418 | BG47: 21.5 | BH47: 4.12934 | BI47: 35.3584 | BJ47: 1142.45
K48: 22 | L48: 3.44689 | M48: 31.4477 | N48: 1344.29 | S48: 22 | T48: 3.59659 | U48: 21.6134 | V48: 1642.44 | X48: 22 | Y48: 3.09339 | Z48: 43.5184 | AA48: 886.773 | AC48: 16.4375 | AD48: 3.9674 | AE48: 17.178 | AF48: 1375.36 | AH48: 22 | AI48: 3.3867 | AJ48: 54.0274 | AK48: 914.409 | AM48: 21.625 | AN48: 4.00672 | AO48: -33.7871 | AP48: 1308.86 | AR48: 22 | AS48: 3.6308 | AT48: 35.8133 | AU48: 1101.34 | AW48: 22 | AX48: 3.46255 | AY48: 26.1998 | AZ48: 1234.97 | BB48: 22 | BC48: 3.50637 | BD48: 58.4497 | BE48: 794.778 | BG48: 22 | BH48: 4.12068 | BI48: 36.3614 | BJ48: 1140.05
K49: 22.5 | L49: 3.44284 | M49: 32.1885 | N49: 1342.71 | S49: 22.5 | T49: 3.59613 | U49: 22.1374 | V49: 1642.23 | X49: 22.5 | Y49: 3.06669 | Z49: 44.5736 | AA49: 879.117 | AC49: 16.625 | AD49: 3.9658 | AE49: 17.4169 | AF49: 1374.81 | AH49: 22.5 | AI49: 3.33161 | AJ49: 55.9493 | AK49: 899.536 | AM49: 22.125 | AN49: 3.98986 | AO49: -34.906 | AP49: 1303.35 | AR49: 22.5 | AS49: 3.62736 | AT49: 36.6519 | AU49: 1100.3 | AW49: 22.5 | AX49: 3.45977 | AY49: 26.8204 | AZ49: 1233.98 | BB49: 22.5 | BC49: 3.44709 | BD49: 60.2201 | BE49: 781.34 | BG49: 22.5 | BH49: 4.11161 | BI49: 37.365 | BJ49: 1137.55
K50: 23 | L50: 3.43845 | M50: 32.93 | N50: 1341 | S50: 23 | T50: 3.5953 | U50: 22.6619 | V50: 1641.86 | X50: 23 | Y50: 3.0405 | Z50: 45.6521 | AA50: 871.609 | AC50: 16.8125 | AD50: 3.96403 | AE50: 17.6559 | AF50: 1374.2 | AH50: 23 | AI50: 3.27679 | AJ50: 57.861 | AK50: 884.734 | AM50: 22.625 | AN50: 3.97307 | AO50: -36.0229 | AP50: 1297.87 | AR50: 23 | AS50: 3.62346 | AT50: 37.4909 | AU50: 1099.12 | AW50: 23 | AX50: 3.45649 | AY50: 27.4413 | AZ50: 1232.81 | BB50: 23 | BC50: 3.38973 | BD50: 62.0225 | BE50: 768.339 | BG50: 23 | BH50: 4.10213 | BI50: 38.3691 | BJ50: 1134.92
K51: 23.5 | L51: 3.43378 | M51: 33.6718 | N51: 1339.18 | S51: 23.5 | T51: 3.59412 | U51: 23.1866 | V51: 1641.32 | X51: 23.5 | Y51: 3.01438 | Z51: 46.7553 | AA51: 864.122 | AC51: 17 | AD51: 3.96208 | AE51: 17.8947 | AF51: 1373.52 | AH51: 23.5 | AI51: 3.22608 | AJ51: 59.7455 | AK51: 871.04 | AM51: 23.125 | AN51: 3.95635 | AO51: -37.1373 | AP51: 1292.41 | AR51: 23.5 | AS51: 3.61914 | AT51: 38.3299 | AU51: 1097.81 | AW51: 23.5 | AX51: 3.45279 | AY51: 28.0625 | AZ51: 1231.49 | BB51: 23.5 | BC51: 3.33442 | BD51: 63.8465 | BE51: 755.801 | BG51: 23.5 | BH51: 4.0922 | BI51: 39.3734 | BJ51: 1132.18
K52: 24 | L52: 3.42888 | M52: 34.4138 | N52: 1337.26 | S52: 24 | T52: 3.59257 | U52: 23.7115 | V52: 1640.61 | X52: 24 | Y52: 2.98845 | Z52: 47.876 | AA52: 856.688 | AC52: 17.1875 | AD52: 3.95996 | AE52: 18.1335 | AF52: 1372.78 | AH52: 24 | AI52: 3.17953 | AJ52: 61.6034 | AK52: 858.473 | AM52: 23.625 | AN52: 3.93973 | AO52: -38.2496 | AP52: 1286.98 | AR52: 24 | AS52: 3.61448 | AT52: 39.1689 | AU52: 1096.39 | AW52: 24 | AX52: 3.44866 | AY52: 28.6842 | AZ52: 1230.02 | BB52: 24 | BC52: 3.28191 | BD52: 65.6804 | BE52: 743.9 | BG52: 24 | BH52: 4.08184 | BI52: 40.3774 | BJ52: 1129.31
K53: 24.5 | L53: 3.42379 | M53: 35.1559 | N53: 1335.28 | S53: 24.5 | T53: 3.59076 | U53: 24.2365 | V53: 1639.77 | X53: 24.5 | Y53: 2.96254 | Z53: 49.0142 | AA53: 849.262 | AC53: 17.375 | AD53: 3.95765 | AE53: 18.3719 | AF53: 1371.98 | AH53: 24.5 | AI53: 3.1375 | AJ53: 63.4344 | AK53: 847.124 | AM53: 24.125 | AN53: 3.92314 | AO53: -39.36 | AP53: 1281.56 | AR53: 24.5 | AS53: 3.60956 | AT53: 40.0078 | AU53: 1094.9 | AW53: 24.5 | AX53: 3.44419 | AY53: 29.306 | AZ53: 1228.43 | BB53: 24.5 | BC53: 3.23238 | BD53: 67.5187 | BE53: 732.673 | BG53: 24.5 | BH53: 4.07114 | BI53: 41.3812 | BJ53: 1126.35
K54: 25 | L54: 3.41854 | M54: 35.8982 | N54: 1333.23 | S54: 25 | T54: 3.58875 | U54: 24.7617 | V54: 1638.85 | X54: 25 | Y54: 2.93692 | Z54: 50.1712 | AA54: 841.917 | AC54: 17.5625 | AD54: 3.95506 | AE54: 18.6093 | AF54: 1371.09 | AH54: 25 | AI54: 3.09813 | AJ54: 65.2412 | AK54: 836.495 | AM54: 24.625 | AN54: 3.90653 | AO54: -40.4682 | AP54: 1276.13 | AR54: 25 | AS54: 3.60441 | AT54: 40.8466 | AU54: 1093.34 | AW54: 25 | AX54: 3.43943 | AY54: 29.928 | AZ54: 1226.73 | BB54: 25 | BC54: 3.18219 | BD54: 69.3648 | BE54: 721.296 | BG54: 25 | BH54: 4.06013 | BI54: 42.3847 | BJ54: 1123.3
N55: =MAX(N4:N54) -> 1351.67 | V55: =MAX(V4:V54) -> 1642.45 | AA55: =MAX(AA4:AA54) -> 1088.55 | AF55: =MAX(AF4:AF54) -> 1376.96 | AK55: =MAX(AK4:AK54) -> 1135.27 | AP55: =MAX(AP4:AP54) -> 1404.2 | AU55: =MAX(AU4:AU54) -> 1103.48 | AZ55: =MAX(AZ4:AZ54) -> 1237.2 | BE55: =MAX(BE4:BE54) -> 858.984 | BJ55: =MAX(BJ4:BJ54) -> 1158.71
