Workbook

Sheet HSS-I1-C
A1: -0.001 | B1: -1 | D1: b/300 | I1: b/200 | N1: b/100
A3: x | B3: y | D3: X | E3: LPF | F3: U_39__39 | G3: RF_39__39 | I3: X | J3: LPF | K3: U_39__39 | L3: RF_39__39 | N3: X | O3: LPF | P3: U_39__39 | Q3: RF_39__39
A4: 0.049754255 | B4: 8.5436893 | D4: 0 | E4: 0 | F4: 0 | G4: 0 | I4: 0 | J4: 0 | K4: 1.26498 | L4: 1.65872e-06 | N4: 0 | O4: 0 | P4: 2.83848 | Q4: 1.53109e-06
A5: 0.085877539 | B5: 70.291262 | D5: 0.5 | E5: 0.499781 | F5: 0.0589651 | G5: 144.712 | I5: 0.5 | J5: 0.499776 | K5: -0.0589918 | L5: 144.71 | N5: 0.5 | O5: 0.499748 | P5: -0.0590399 | Q5: 144.702
A6: 0.1593831 | B6: 133.20388 | D6: 1 | E6: 0.998828 | F6: 0.126854 | G6: 289.211 | I6: 1 | J6: 0.998806 | K6: -0.126901 | L6: 289.204 | N6: 1 | O6: 0.998691 | P6: -0.127031 | Q6: 289.171
A7: 0.29358642 | B7: 275.33981 | D7: 1.5 | E7: 1.4966 | F7: 0.205742 | G7: 433.342 | I7: 1.5 | J7: 1.49655 | K7: -0.205816 | L7: 433.327 | N7: 1.5 | O7: 1.49629 | P7: -0.20605 | Q7: 433.251
A8: 0.39227175 | B8: 326.60194 | D8: 2 | E8: 1.99228 | F8: 0.298383 | G8: 576.864 | I8: 2 | J8: 1.99219 | K8: -0.298492 | L8: 576.838 | N8: 2 | O8: 1.99171 | P8: -0.298865 | Q8: 576.7
A9: 0.5273951 | B9: 424.46602 | D9: 2.5 | E9: 2.48454 | F9: 0.408411 | G9: 719.399 | I9: 2.5 | J9: 2.4844 | K9: -0.408567 | L9: 719.357 | N9: 2.5 | O9: 2.48365 | P9: -0.409124 | Q9: 719.14
A10: 0.62566884 | B10: 495.53398 | D10: 3 | E10: 2.97129 | F10: 0.540609 | G10: 860.337 | I10: 3 | J10: 2.97108 | K10: -0.540827 | L10: 860.275 | N10: 3 | O10: 2.96999 | P10: -0.541636 | Q10: 859.96
A11: 0.76149432 | B11: 559.61165 | D11: 3.5 | E11: 3.44551 | F11: 0.709841 | G11: 997.649 | I11: 3.5 | J11: 3.44734 | K11: -0.704877 | L11: 998.178 | N11: 3.5 | O11: 3.44482 | P11: -0.708185 | Q11: 997.45
A12: 0.92194272 | B12: 638.83495 | D12: 4 | E12: 3.83279 | F12: 1.01297 | G12: 1109.79 | I12: 4 | J12: 3.83959 | K12: -0.998784 | L12: 1111.75 | N12: 4 | O12: 3.80268 | P12: -1.05131 | Q12: 1101.07
A13: 1.1444447 | B13: 732.03883 | D13: 4.5 | E13: 3.87467 | F13: 1.50284 | G13: 1121.91 | I13: 4.5 | J13: 3.8828 | K13: -1.49122 | L13: 1124.27 | N13: 4.5 | O13: 3.85913 | P13: -1.53863 | Q13: 1117.41
A14: 1.4168947 | B14: 821.74757 | D14: 5 | E14: 3.88662 | F14: 1.99014 | G14: 1125.37 | I14: 5 | J14: 3.89318 | K14: -1.97885 | L14: 1127.27 | N14: 5 | O14: 3.8739 | P14: -2.02792 | Q14: 1121.69
A15: 1.664988 | B15: 883.49515 | D15: 5.5 | E15: 3.89094 | F15: 2.47723 | G15: 1126.62 | I15: 5.5 | J15: 3.8968 | K15: -2.46572 | L15: 1128.32 | N15: 5.5 | O15: 3.87871 | P15: -2.51699 | Q15: 1123.08
... A48: 23.358279 | B48: 1002.3301 | D48: 22 | E48: 3.50326 | F48: 18.8644 | G48: 1014.37 | I48: 22 | J48: 3.50099 | K48: -18.8651 | L48: 1013.71 | N48: 22 | O48: 3.48712 | P48: -18.9735 | Q48: 1009.69
B49: =MAX(B4:B48) -> 1154.9515 | D49: 22.5 | E49: 3.48139 | F49: 19.3927 | G49: 1008.04 | I49: 22.5 | J49: 3.47922 | K49: -19.3935 | L49: 1007.41 | N49: 22.5 | O49: 3.46538 | P49: -19.5034 | Q49: 1003.4
D50: 23 | E50: 3.45972 | F50: 19.9211 | G50: 1001.76 | I50: 23 | J50: 3.45758 | K50: -19.9221 | L50: 1001.14 | N50: 23 | O50: 3.44385 | P50: -20.0332 | Q50: 997.166
D51: 23.5 | E51: 3.4383 | F51: 20.4496 | G51: 995.559 | I51: 23.5 | J51: 3.43618 | K51: -20.4509 | L51: 994.946 | N51: 23.5 | O51: 3.42254 | P51: -20.5632 | Q51: 990.997
D52: 24 | E52: 3.41711 | F52: 20.9781 | G52: 989.424 | I52: 24 | J52: 3.415 | K52: -20.9797 | L52: 988.813 | N52: 24 | O52: 3.40142 | P52: -21.0935 | Q52: 984.88
D53: 24.5 | E53: 3.39615 | F53: 21.5067 | G53: 983.356 | I53: 24.5 | J53: 3.39405 | K53: -21.5085 | L53: 982.748 | N53: 24.5 | O53: 3.38053 | P53: -21.6235 | Q53: 978.833
D54: 25 | E54: 3.37542 | F54: 22.0351 | G54: 977.354 | I54: 25 | J54: 3.37334 | K54: -22.0371 | L54: 976.751 | N54: 25 | O54: 3.35989 | P54: -22.1534 | Q54: 972.857
G55: =MAX(G4:G54) -> 1126.62 | L55: =MAX(L4:L54) -> 1128.32 | Q55: =MAX(Q4:Q54) -> 1123.08
M105: =MAX(M4:M104) -> 0

Sheet HSS-I1-C-R
A1: -0.001 | B1: -1 | D1: b/300 | I1: b/200 | N1: b/100
A3: x | B3: y | D3: X | E3: LPF | F3: U_40__40 | G3: RF_40__40 | I3: X | J3: LPF | K3: U_40__40 | L3: RF_40__40 | N3: X | O3: LPF | P3: U_40__40 | Q3: RF_40__40
A4: 0.049512142 | B4: 20.194175 | D4: 0 | E4: 0 | F4: 0 | G4: 0 | I4: 0 | J4: 0 | K4: 1.69221e-05 | L4: 2.2224e-06 | N4: 0 | O4: 0 | P4: 1.91509e-05 | Q4: 2.03965e-06
A5: 0.11071835 | B5: 74.951456 | D5: 0.5 | E5: 0.499838 | F5: 0.0526853 | G5: 134.856 | I5: 0.5 | J5: 0.499833 | K5: -0.0525627 | L5: 134.855 | N5: 0.5 | O5: 0.499806 | P5: -0.0526185 | Q5: 134.848
A6: 0.18451444 | B6: 123.8835 | D6: 1 | E6: 0.999104 | F6: 0.113115 | G6: 269.558 | I6: 1 | J6: 0.999085 | K6: -0.112957 | L6: 269.553 | N6: 1 | O6: 0.998972 | P6: -0.113086 | Q6: 269.523
A7: 0.22056509 | B7: 189.12621 | D7: 1.5 | E7: 1.49735 | F7: 0.183196 | G7: 403.985 | I7: 1.5 | J7: 1.49731 | K7: -0.182991 | L7: 403.974 | N7: 1.5 | O7: 1.49705 | P7: -0.183215 | Q7: 403.905
A8: 0.30687843 | B8: 235.72816 | D8: 2 | E8: 1.99389 | F8: 0.265327 | G8: 537.953 | I8: 2 | J8: 1.99382 | K8: -0.265062 | L8: 537.934 | N8: 2 | O8: 1.99336 | P8: -0.265409 | Q8: 537.808
A9: 0.40503111 | B9: 312.62136 | D9: 2.5 | E9: 2.48762 | F9: 0.362683 | G9: 671.16 | I9: 2.5 | J9: 2.48755 | K9: -0.362344 | L9: 671.14 | N9: 2.5 | O9: 2.48681 | P9: -0.362854 | Q9: 670.941
A10: 0.52836356 | B10: 377.86408 | D10: 3 | E10: 2.97674 | F10: 0.479469 | G10: 803.124 | I10: 3 | J10: 2.97673 | K10: -0.479053 | L10: 803.123 | N10: 3 | O10: 2.97566 | P10: -0.479785 | Q10: 802.834
A11: 0.65184127 | B11: 436.1165 | D11: 3.5 | E11: 3.44876 | F11: 0.633292 | G11: 930.475 | I11: 3.5 | J11: 3.45853 | K11: -0.62072 | L11: 933.112 | N11: 3.5 | O11: 3.45705 | P11: -0.621755 | Q11: 932.712
A12: 0.79991768 | B12: 510.67961 | D12: 4 | E12: 3.84815 | F12: 0.921706 | G12: 1038.23 | I12: 4 | J12: 3.91622 | K12: -0.813848 | L12: 1056.6 | N12: 4 | O12: 3.90936 | P12: -0.823254 | Q12: 1054.74
A13: 0.9232017 | B13: 578.25243 | D13: 4.5 | E13: 3.91 | F13: 1.38955 | G13: 1054.92 | I13: 4.125 | J13: 4.02087 | K13: -0.874659 | L13: 1084.83 | N13: 4.125 | O13: 3.99373 | P13: -0.909047 | Q13: 1077.52
A14: 1.0964095 | B14: 643.49515 | D14: 5 | E14: 3.93412 | F14: 1.85589 | G14: 1061.42 | I14: 4.3125 | J14: 4.10839 | K14: -1.03627 | L14: 1108.44 | N14: 4.3125 | O14: 4.05934 | P14: -1.07336 | Q14: 1095.21
A15: 1.2694235 | B15: 718.05825 | D15: 5.5 | E15: 3.94535 | F15: 2.32309 | G15: 1064.46 | I15: 4.5 | J15: 4.13136 | K15: -1.21201 | L15: 1114.64 | N15: 4.59375 | O15: 4.09818 | P15: -1.33527 | Q15: 1105.69
... A29: 12.284701 | B29: 1062.9126 | D29: 12.5 | E29: 3.87538 | F29: 8.90024 | G29: 1045.58 | I29: 10.5781 | J29: 4.06983 | K29: -6.93917 | L29: 1098.04 | N29: 5.48926 | O29: 4.12776 | P29: -2.13104 | Q29: 1113.67
A30: 13.881001 | B30: 1048.932 | D30: 13 | E30: 3.86611 | F30: 9.37215 | G30: 1043.08 | I30: 11.0781 | J30: 4.05747 | K30: -7.41263 | L30: 1094.71 | Q30: =MAX(Q4:Q29) -> 1113.67
A31: 15.128126 | B31: 1037.2816 | D31: 13.5 | E31: 3.85657 | F31: 9.8442 | G31: 1040.5 | I31: 11.5781 | J31: 4.04486 | K31: -7.88619 | L31: 1091.3
A32: 16.40014 | B32: 1027.9612 | D32: 14 | E32: 3.84688 | F32: 10.3162 | G32: 1037.89 | I32: 12.0781 | J32: 4.0321 | K32: -8.3598 | L32: 1087.86
A33: 17.647168 | B33: 1020.9709 | D33: 14.5 | E33: 3.8371 | F33: 10.7882 | G33: 1035.25 | I33: 12.5781 | J33: 4.0192 | K33: -8.83346 | L33: 1084.38
A34: 18.993899 | B34: 1016.3107 | D34: 15 | E34: 3.82726 | F34: 11.2602 | G34: 1032.6 | I34: 13.0781 | J34: 4.00625 | K34: -9.30724 | L34: 1080.89
A35: 20.315837 | B35: 1004.6602 | D35: 15.5 | E35: 3.81732 | F35: 11.7323 | G35: 1029.91 | I35: 13.5781 | J35: 3.99323 | K35: -9.78115 | L35: 1077.37
A36: 21.238772 | B36: 993.00971 | D36: 16 | E36: 3.80728 | F36: 12.2045 | G36: 1027.2 | I36: 14.0781 | J36: 3.98021 | K36: -10.255 | L36: 1073.86
A37: 22.510738 | B37: 986.01942 | D37: 16.5 | E37: 3.7972 | F37: 12.6768 | G37: 1024.49 | I37: 14.5781 | J37: 3.96727 | K37: -10.7287 | L37: 1070.38
A38: 23.55841 | B38: 972.03883 | D38: 17 | E38: 3.78714 | F38: 13.1491 | G38: 1021.77 | I38: 15.0781 | J38: 3.9544 | K38: -11.2023 | L38: 1066.9
A39: 24.556158 | B39: 960.38835 | D39: 17.5 | E39: 3.77707 | F39: 13.6214 | G39: 1019.05 | I39: 15.5781 | J39: 3.94163 | K39: -11.6758 | L39: 1063.45
D40: 18 | E40: 3.76701 | F40: 14.0936 | G40: 1016.34 | I40: 16.0781 | J40: 3.92897 | K40: -12.1493 | L40: 1060.04
D41: 18.5 | E41: 3.75698 | F41: 14.5656 | G41: 1013.63 | I41: 16.5781 | J41: 3.91638 | K41: -12.6229 | L41: 1056.64
D42: 19 | E42: 3.74701 | F42: 15.0376 | G42: 1010.94 | I42: 17.0781 | J42: 3.90388 | K42: -13.0966 | L42: 1053.27
D43: 19.5 | E43: 3.73712 | F43: 15.5095 | G43: 1008.28 | I43: 17.5781 | J43: 3.89146 | K43: -13.5702 | L43: 1049.92
D44: 20 | E44: 3.72727 | F44: 15.9816 | G44: 1005.62 | I44: 18.0781 | J44: 3.87914 | K44: -14.0439 | L44: 1046.59
D45: 20.5 | E45: 3.71748 | F45: 16.4536 | G45: 1002.98 | I45: 18.5781 | J45: 3.86692 | K45: -14.5174 | L45: 1043.3
D46: 21 | E46: 3.70777 | F46: 16.9255 | G46: 1000.36 | I46: 19.0781 | J46: 3.85481 | K46: -14.9909 | L46: 1040.03
D47: 21.5 | E47: 3.69812 | F47: 17.3974 | G47: 997.753 | I47: 19.5781 | J47: 3.84281 | K47: -15.4644 | L47: 1036.79
D48: 22 | E48: 3.68853 | F48: 17.8693 | G48: 995.166 | I48: 20.0781 | J48: 3.83082 | K48: -15.9382 | L48: 1033.56
D49: 22.5 | E49: 3.67898 | F49: 18.3413 | G49: 992.589 | I49: 20.5781 | J49: 3.81859 | K49: -16.4136 | L49: 1030.25
D50: 23 | E50: 3.66935 | F50: 18.8139 | G50: 989.989 | I50: 21.0781 | J50: 3.80543 | K50: -16.8928 | L50: 1026.7
D51: 23.5 | E51: 3.65944 | F51: 19.2878 | G51: 987.318 | I51: 21.5781 | J51: 3.78955 | K51: -17.3837 | L51: 1022.42
... D54: 25 | E54: 3.62012 | F54: 20.7507 | G54: 976.71 | I54: 23.0781 | J54: 3.72763 | K54: -18.9019 | L54: 1005.71
G55: =MAX(G4:G54) -> 1066.24 | L55: =MAX(L4:L54) -> 1120.39

Sheet HSS-I2-C
A1: -0.001 | B1: -1 | D1: b/300 | I1: b/200 | N1: b/100
A3: x | B3: y | D3: X | E3: LPF | F3: U_41__41 | G3: RF_41__41 | I3: X | J3: LPF | K3: U_41__41 | L3: RF_41__41 | N3: X | O3: LPF | P3: U_41__41 | Q3: RF_41__41
A4: 0.049705833 | B4: 10.873786 | D4: 0 | E4: 0 | F4: 0.0002039 | G4: 1.68183e-06 | I4: 0 | J4: 0 | K4: 2.92027 | L4: 1.28939e-06 | N4: 0 | O4: 0 | P4: 2.50058 | Q4: 1.42981e-07
A5: 0.18383653 | B5: 156.50485 | D5: 0.5 | E5: 0.49997 | F5: 0.0543239 | G5: 177.252 | I5: 0.5 | J5: 0.499958 | K5: -0.0540954 | L5: 177.248 | N5: 0.5 | O5: 0.499892 | P5: -0.0541915 | Q5: 177.224
A6: 0.31818512 | B6: 291.65049 | D6: 1 | E6: 0.999759 | F6: 0.114109 | G6: 354.44 | I6: 1 | J6: 0.999708 | K6: -0.113887 | L6: 354.421 | N6: 1 | O6: 0.999433 | P6: -0.114088 | Q6: 354.324
A7: 0.44040384 | B7: 410.48544 | D7: 1.5 | E7: 1.49917 | F7: 0.180475 | G7: 531.492 | I7: 1.5 | J7: 1.49905 | K7: -0.18026 | L7: 531.45 | N7: 1.5 | O7: 1.49841 | P7: -0.180585 | Q7: 531.224
A8: 0.55044428 | B8: 515.33981 | D8: 2 | E8: 1.99793 | F8: 0.254535 | G8: 708.315 | I8: 2 | J8: 1.99771 | K8: -0.254331 | L8: 708.237 | N8: 2 | O8: 1.99654 | P8: -0.254799 | Q8: 707.825
A9: 0.6360797 | B9: 594.56311 | D9: 2.5 | E9: 2.49566 | F9: 0.337651 | G9: 884.775 | I9: 2.5 | J9: 2.49531 | K9: -0.33746 | L9: 884.65 | N9: 2.5 | O9: 2.49344 | P9: -0.338097 | Q9: 883.988
A10: 0.7462654 | B10: 692.42718 | D10: 3 | E10: 2.99186 | F10: 0.431495 | G10: 1060.69 | I10: 3 | J10: 2.99134 | K10: -0.431321 | L10: 1060.51 | N10: 3 | O10: 2.98858 | P10: -0.432158 | Q10: 1059.53
A11: 0.86848413 | B11: 811.26214 | D11: 3.5 | E11: 3.48152 | F11: 0.547515 | G11: 1234.29 | I11: 3.5 | J11: 3.48138 | K11: -0.54736 | L11: 1234.24 | N11: 3.5 | O11: 3.47506 | P11: -0.551981 | Q11: 1232
A12: 0.97866983 | B12: 909.12621 | D12: 4 | E12: 3.83909 | F12: 1.07759 | G12: 1361.05 | I12: 4 | J12: 3.83664 | K12: -1.05402 | L12: 1360.18 | N12: 4 | O12: 3.79988 | P12: -1.1273 | Q12: 1347.15
A13: 1.1016149 | B13: 993.00971 | D13: 4.5 | E13: 3.87246 | F13: 1.5683 | G13: 1372.88 | I13: 4.5 | J13: 3.87164 | K13: -1.54584 | L13: 1372.59 | N13: 4.5 | O13: 3.8429 | P13: -1.62057 | Q13: 1362.41
A14: 1.2371256 | B14: 1072.233 | D14: 5 | E14: 3.89188 | F14: 2.06109 | G14: 1379.77 | I14: 5 | J14: 3.89209 | K14: -2.03852 | L14: 1379.84 | N14: 5 | O14: 3.86602 | P14: -2.11572 | Q14: 1370.6
A15: 1.4221727 | B15: 1167.767 | D15: 5.5 | E15: 3.90373 | F15: 2.55485 | G15: 1383.97 | I15: 5.5 | J15: 3.9042 | K15: -2.53263 | L15: 1384.14 | N15: 5.5 | O15: 3.88104 | P15: -2.61131 | Q15: 1375.93
... A43: 23.277559 | B43: 1286.6019 | D43: 19.5 | E43: 3.6898 | F43: 16.8301 | G43: 1308.13 | I43: 19.5 | J43: 3.68626 | K43: -16.8246 | L43: 1306.87 | N43: 19.5 | O43: 3.65886 | P43: -17.0015 | Q43: 1297.16
D44: 20 | E44: 3.66877 | F44: 17.371 | G44: 1300.67 | I44: 20 | J44: 3.66514 | K44: -17.3665 | L44: 1299.38 | N44: 20 | O44: 3.63737 | P44: -17.5481 | Q44: 1289.54
D45: 20.5 | E45: 3.64794 | F45: 17.9123 | G45: 1293.29 | I45: 20.5 | J45: 3.64424 | K45: -17.9085 | L45: 1291.98 | N45: 20.5 | O45: 3.61604 | P45: -18.0949 | Q45: 1281.98
D46: 21 | E46: 3.62735 | F46: 18.4536 | G46: 1285.99 | I46: 21 | J46: 3.62356 | K46: -18.4507 | L46: 1284.64 | N46: 21 | O46: 3.59493 | P46: -18.6419 | Q46: 1274.49
D47: 21.5 | E47: 3.60699 | F47: 18.995 | G47: 1278.77 | I47: 21.5 | J47: 3.60312 | K47: -18.9929 | L47: 1277.39 | N47: 21.5 | O47: 3.57402 | P47: -19.1891 | Q47: 1267.08
D48: 22 | E48: 3.58684 | F48: 19.5364 | G48: 1271.62 | I48: 22 | J48: 3.58287 | K48: -19.5351 | L48: 1270.22 | N48: 22 | O48: 3.55329 | P48: -19.7367 | Q48: 1259.73
D49: 22.5 | E49: 3.56693 | F49: 20.0776 | G49: 1264.57 | I49: 22.5 | J49: 3.56285 | K49: -20.0772 | L49: 1263.12 | N49: 22.5 | O49: 3.53276 | P49: -20.2844 | Q49: 1252.45
D50: 23 | E50: 3.54724 | F50: 20.6185 | G50: 1257.58 | I50: 23 | J50: 3.54305 | K50: -20.6189 | L50: 1256.1 | N50: 23 | O50: 3.51243 | P50: -20.8323 | Q50: 1245.24
D51: 23.5 | E51: 3.52776 | F51: 21.1591 | G51: 1250.68 | I51: 23.5 | J51: 3.52348 | K51: -21.1605 | L51: 1249.16 | N51: 23.5 | O51: 3.49231 | P51: -21.3805 | Q51: 1238.11
D52: 24 | E52: 3.50852 | F52: 21.6995 | G52: 1243.86 | I52: 24 | J52: 3.50414 | K52: -21.702 | L52: 1242.31 | N52: 24 | O52: 3.47236 | P52: -21.9289 | Q52: 1231.04
D53: 24.5 | E53: 3.4895 | F53: 22.2398 | G53: 1237.11 | I53: 24.5 | J53: 3.48502 | K53: -22.2434 | L53: 1235.53 | N53: 24.5 | O53: 3.4526 | P53: -22.4776 | Q53: 1224.03
D54: 25 | E54: 3.4707 | F54: 22.7799 | G54: 1230.45 | I54: 25 | J54: 3.46611 | K54: -22.7847 | L54: 1228.82 | N54: 25 | O54: 3.43302 | P54: -23.0265 | Q54: 1217.09
G55: =MAX(G4:G54) -> 1391.11 | L55: =MAX(L4:L54) -> 1391.04 | Q55: =MAX(Q4:Q54) -> 1384.26

Sheet all
C1: Pu_exp | D1: Pu_EF | G1: Pu_EF/Pu_exp
D2: w0=b/100 | E2: w0=b/200 | F2: w0=b/300 | G2: w0=b/100 | H2: w0=b/200 | I2: w0=b/300
A3: 39 | B3: HSS-I1-C | C3: 1158.2 | D3: ='HSS-I1-C'!Q55 -> 1123.08 | E3: ='HSS-I1-C'!L55 -> 1128.32 | F3: ='HSS-I1-C'!G55 -> 1126.62 | G3: =D3/C3 -> 0.96967709 | H3: =E3/C3 -> 0.97420135 | I3: =F3/C3 -> 0.97273355 | J3: =C3/D3 -> 1.0312711
A4: 40 | B4: HSS-I1-C-R | C4: 1079.2 | D4: ='HSS-I1-C-R'!Q30 -> 1113.67 | E4: ='HSS-I1-C-R'!L55 -> 1120.39 | F4: ='HSS-I1-C-R'!G55 -> 1066.24 | G4: =D4/C4 -> 1.0319403 | H4: =E4/C4 -> 1.0381672 | I4: =F4/C4 -> 0.9879911 | J4: =C4/D4 -> 0.96904828
A5: 41 | B5: HSS-I2-C | C5: 1418.1 | D5: ='HSS-I2-C'!Q55 -> 1384.26 | E5: ='HSS-I2-C'!L55 -> 1391.04 | F5: ='HSS-I2-C'!G55 -> 1391.11 | G5: =D5/C5 -> 0.97613708 | H5: =E5/C5 -> 0.98091813 | I5: =F5/C5 -> 0.98096749 | J5: =C5/D5 -> 1.0244463
A6: 42 | B6: Mean | G6: =AVERAGE(G3:G5) -> 0.99258483 | H6: =AVERAGE(H3:H5) -> 0.99776221 | I6: =AVERAGE(I3:I5) -> 0.98056405 | J6: =AVERAGE(J3:J5) -> 1.0082552
A7: 43 | B7: COV | G7: =_xlfn.STDEV.P(G3:G5)/G6 -> 0.02816205 | H7: =_xlfn.STDEV.P(H3:H5)/H6 -> 0.028766274 | I7: =_xlfn.STDEV.P(I3:I5)/I6 -> 0.0063589921 | J7: =_xlfn.STDEV.P(J3:J5)/J6 -> 0.027635027
